{"algorithm": 1, "cost": 9442.852577559504, "k": 50, "py/object": "solution.Solution", "solutionList": ["4403665397", "261185750", "266720617", "456161891", "261317618", "261256635", "367557595", "307564636", "5970469768", "261312329", "261137281", "4332509019", "308441017", "261213701", "261135996", "257948514", "261214311", "261147706", "261235222", "261213410", "5893628494", "468419562", "350982328", "261139098", "261233943", "316328403", "261179362", "261300469", "261144581", "261237440", "2274218602", "261164832", "261186121", "261256624", "349875439", "261133229", "261288743", "261178034", "261303563", "261144628", "261163669", "261203625", "1319671759", "261198762", "261131848", "261160241", "261329648", "1316564943", "29145417", "261221424"], "time": 38.8268768787384}