{"algorithm": 1, "cost": 9442.852577559504, "k": 100, "py/object": "solution.Solution", "solutionList": ["4403665397", "261185750", "266720617", "456161891", "261317618", "261256635", "367557595", "307564636", "5970469768", "261312329", "261137281", "4332509019", "308441017", "261213701", "261135996", "257948514", "261214311", "261147706", "261235222", "261213410", "5893628494", "468419562", "350982328", "261139098", "261233943", "316328403", "261179362", "261300469", "261144581", "261237440", "2274218602", "261164832", "261186121", "261256624", "349875439", "261133229", "261288743", "261178034", "261303563", "261144628", "261163669", "261203625", "1319671759", "261198762", "261131848", "261160241", "261329648", "1316564943", "29145417", "261221424", "261187528", "261155189", "5811649342", "261207612", "261135318", "386375431", "261180627", "387578611", "261252475", "261312337", "2465602004", "1446792357", "261145227", "261224576", "261216622", "1789739177", "261139964", "261329456", "258032427", "261313678", "261222173", "261221007", "1324368722", "261300490", "250755850", "4216087717", "261204808", "261166436", "261157497", "261243925", "261133041", "261196539", "266485990", "261117173", "351099116", "261218515", "261214239", "261285080", "261142030", "365028094", "1869903491", "5813043169", "261118294", "375654512", "261214544", "261254544", "261282577", "257168964", "261162577", "537526620"], "time": 130.0096402168274}