{"algorithm": 1, "cost": 5897.910577559506, "k": 50, "py/object": "solution.Solution", "solutionList": ["261132807", "261184496", "261311247", "350973254", "5342873184", "261131942", "263905613", "261261834", "5970469768", "261330395", "261168511", "261135995", "308440661", "710276542", "261213702", "258288004", "261306036", "261237480", "261221622", "1894140651", "418465903", "261207765", "261187558", "316328770", "261222183", "261158153", "368380108", "2480100320", "261173977", "261133925", "261164832", "4337842250", "261252895", "737158019", "261112533", "261196780", "261193946", "261288743", "468419940", "261262073", "261186027", "261180187", "1313100696", "261197762", "257381470", "261197823", "347572934", "261131993", "261174106", "305534488"], "time": 101.39271545410156}