{"algorithm": 3, "cost": 62681.18557755952, "k": 10, "py/object": "solution.Solution", "solutionList": ["261126420", "736014657", "261210240", "261106948", "6044528746", "261200017", "261261832", "261155495", "261170221", "261173993", "261131943", "264166183", "261204482"], "time": 3.0849621295928955}