{"algorithm": 1, "cost": 73542.67557755948, "k": 10, "py/object": "solution.Solution", "solutionList": ["736014657", "261185749", "261210240", "6044528746", "261200017", "261131943", "261261832", "264166183", "261126420", "261226472"], "time": 39.8839066028595}