{"algorithm": 1, "cost": 1957.5705775595052, "k": 100, "py/object": "solution.Solution", "solutionList": ["736014657", "261185749", "261210240", "6044528746", "261200017", "261131943", "261261832", "264166183", "261126420", "261226472", "261168511", "261135992", "261142096", "261213701", "261212847", "257948514", "261142345", "261133225", "2480100320", "261134309", "261131963", "261233937", "316328770", "261105064", "261145904", "261149045", "349887146", "261147308", "261139096", "261173977", "261201152", "418158481", "261157740", "261196779", "261164830", "261148039", "261163520", "349871906", "701672", "701672", "701672", "701672", "701672", "701672", "701672", "701672", "701672", "701672", "701672", "701672", "701672", "701672", "701672", "701672", "701672", "701672", "701672", "701672", "701672", "701672", "701672", "701672", "701672", "701672", "701672", "701672", "701672", "701672", "701672", "701672", "701672", "701672", "701672", "701672", "701672", "701672", "701672", "701672", "701672", "701672", "701672", "701672", "701672", "701672", "701672", "701672", "701672", "701672", "701672", "701672", "701672", "701672", "701672", "701672", "701672", "701672", "701672", "701672", "701672", "701672"], "time": 2973.5163793563843}