{"algorithm": 1, "cost": 10950.994321741628, "k": 50, "py/object": "algorithms.solution.Solution", "solutionList": ["261149749", "314768635", "261154834", "261149844", "261210241", "258957339", "261272161", "261129441", "261160250", "261118354", "261177060", "261135233", "261186135", "261154533", "261184374", "289550934", "261181287", "2565028206", "351099142", "261186101", "261285175", "261270964", "261194546", "261308476", "350978793", "261139504", "1991202571", "261149835", "1402601167", "261203345", "1956356132", "930285101", "261192476", "261113911", "261120311", "261116268", "5885767565", "261137088", "261137169", "261142081", "261110976", "261135234", "261178093", "261174211", "3193180051", "261149805", "261283689", "261156529", "1894144797", "261174101"], "time": 55.35185718536377}