{"algorithm": 1, "cost": 2324.459577559505, "k": 50, "py/object": "solution.Solution", "solutionList": ["736014657", "261185749", "261210240", "6044528744", "261200017", "261199253", "261261832", "264166183", "261133224", "261226472", "261168511", "261135993", "4332509021", "261213702", "308440798", "257948514", "261181279", "261148039", "2480100320", "261237480", "261131963", "261233943", "316328770", "261105064", "261166481", "414164877", "350981480", "261158094", "261139098", "261201152", "261173977", "418158482", "261212601", "261196779", "261164832", "261163520", "349874501", "261177246", "737157978", "261177270", "261118011", "261137015", "261221627", "257389909", "5970344145", "261116241", "351012251", "261261863", "261147399", "261201130"], "time": 361.8270251750946}