{"algorithm": 3, "cost": 249017.37909705783, "k": 50, "py/object": "algorithms.solution.Solution", "solutionList": ["261173914", "736014593", "261160024", "261219661", "27446500", "261236542", "261226536", "261202215", "261198742", "305522175", "261217408", "261187715", "261200886", "261240410", "261111495", "261118284", "261201998", "261147432", "261281110", "261171918", "261207329", "261118075", "276585971", "261227612", "257372681", "261258397", "261283253", "5631665769", "261155707", "261222115", "261214573", "261291483", "261234137", "261266688", "261155442", "261249867", "261246213", "261137881", "261164639", "261169001", "261178111", "261126220", "5823494461", "261227156", "261222166", "4332986840", "261277133", "261163691", "261213373", "261132043"], "time": 48.69898223876953}